time	V(out)	V(n003)
0.000000000000000e+000	-4.841798e-016	0.000000e+000
3.042459311980688e-008	-7.793036e-007	4.779084e-007
6.084918623961377e-008	-4.520048e-006	9.558168e-007
9.127377935942065e-008	-1.122223e-005	1.433725e-006
1.216983724792275e-007	-2.088586e-005	1.911634e-006
1.521229655990344e-007	-3.351093e-005	2.389542e-006
1.825475587188413e-007	-4.909744e-005	2.867450e-006
2.129721518386481e-007	-6.764539e-005	3.345359e-006
2.783207913322654e-007	-1.126684e-004	4.371853e-006
3.648704215693149e-007	-1.797895e-004	5.731371e-006
6.552923212883804e-007	-4.172582e-004	1.029331e-005
8.678182594723208e-005	-6.815340e-002	1.365337e-003
1.729083595731758e-004	-1.357180e-001	2.716956e-003
2.590348931991195e-004	-2.031111e-001	4.065152e-003
3.451614268250632e-004	-2.703326e-001	5.409924e-003
4.312879604510070e-004	-3.373826e-001	6.751272e-003
5.174144940769506e-004	-4.042611e-001	8.089197e-003
6.035410277028941e-004	-4.709680e-001	9.423697e-003
8.965097777028940e-004	-6.945726e-001	1.389690e-002
1.189478527702894e-003	-9.122975e-001	1.825246e-002
1.482447277702895e-003	-1.122300e+000	2.245351e-002
1.775416027702895e-003	-1.322801e+000	2.646449e-002
2.026532099131467e-003	-1.487940e+000	2.976802e-002
2.277648170560039e-003	-1.641642e+000	3.284277e-002
2.528764241988610e-003	-1.783909e+000	3.568875e-002
2.779880313417182e-003	-1.914741e+000	3.830594e-002
3.030996384845754e-003	-2.034137e+000	4.069436e-002
3.282112456274325e-003	-2.142097e+000	4.285399e-002
3.533228527702896e-003	-2.238622e+000	4.478486e-002
3.614119560773633e-003	-2.266344e+000	4.533618e-002
3.695010593844369e-003	-2.292501e+000	4.585742e-002
3.775901626915105e-003	-2.317093e+000	4.634857e-002
3.856792659985841e-003	-2.340120e+000	4.680964e-002
3.937683693056577e-003	-2.361581e+000	4.724063e-002
4.018574726127313e-003	-2.381478e+000	4.764153e-002
4.099465759198049e-003	-2.399810e+000	4.801234e-002
4.137972562325059e-003	-2.406175e+000	4.817771e-002
4.176479365452069e-003	-2.411975e+000	4.833599e-002
4.214986168579079e-003	-2.417210e+000	4.848716e-002
4.253492971706088e-003	-2.421880e+000	4.863123e-002
4.291999774833098e-003	-2.425984e+000	4.876820e-002
4.330506577960108e-003	-2.429524e+000	4.889806e-002
4.369013381087118e-003	-2.432498e+000	4.902083e-002
4.564325881087118e-003	-2.445298e+000	4.953239e-002
4.759638381087117e-003	-2.452704e+000	4.985752e-002
4.857294631087116e-003	-2.454700e+000	4.994976e-002
4.954950881087116e-003	-2.455655e+000	4.999499e-002
5.052607131087116e-003	-2.455613e+000	4.999317e-002
5.150263381087115e-003	-2.454572e+000	4.994430e-002
5.247919631087115e-003	-2.452506e+000	4.984842e-002
5.443232131087114e-003	-2.444934e+000	4.951605e-002
5.871159202558144e-003	-2.404887e+000	4.813910e-002
5.898401833144982e-003	-2.399972e+000	4.802167e-002
5.925644463731820e-003	-2.394648e+000	4.790073e-002
5.952887094318658e-003	-2.388916e+000	4.777630e-002
5.980129724905497e-003	-2.382777e+000	4.764837e-002
6.007372355492335e-003	-2.376229e+000	4.751695e-002
6.034614986079173e-003	-2.369273e+000	4.738203e-002
6.061857616666011e-003	-2.361909e+000	4.724361e-002
6.326186680865984e-003	-2.283790e+000	4.568341e-002
6.590515745065955e-003	-2.191828e+000	4.384569e-002
6.854844809265927e-003	-2.086025e+000	4.173044e-002
7.119173873465900e-003	-1.966380e+000	3.933767e-002
7.383502937665872e-003	-1.832892e+000	3.666737e-002
7.647832001865844e-003	-1.685563e+000	3.371954e-002
7.912161066065815e-003	-1.524392e+000	3.049419e-002
8.107473566065815e-003	-1.398785e+000	2.798131e-002
8.302786066065814e-003	-1.269176e+000	2.538841e-002
8.498098566065813e-003	-1.135567e+000	2.271549e-002
8.693411066065812e-003	-9.979578e-001	1.996253e-002
8.888723566065812e-003	-8.563475e-001	1.712955e-002
9.084036066065811e-003	-7.107366e-001	1.421654e-002
9.279348566065810e-003	-5.611251e-001	1.122351e-002
9.572317316065809e-003	-3.349011e-001	6.697829e-003
9.865286066065808e-003	-1.058421e-001	2.115450e-003
9.935040530351522e-003	-5.103362e-002	1.018996e-003
1.000479499463724e-002	3.733696e-003	-7.663390e-005
1.007454945892295e-002	5.845983e-002	-1.171439e-003
1.014430392320866e-002	1.131448e-001	-2.265418e-003
1.021405838749438e-002	1.677885e-001	-3.358573e-003
1.028381285178009e-002	2.223911e-001	-4.450904e-003
1.035356731606581e-002	2.769525e-001	-5.542409e-003
1.064653606606581e-002	5.040788e-001	-1.008608e-002
1.093950481606580e-002	7.269379e-001	-1.454437e-002
1.123247356606580e-002	9.436435e-001	-1.887953e-002
1.152544231606580e-002	1.152361e+000	-2.305488e-002
1.181841106606580e-002	1.351323e+000	-2.703507e-002
1.206952713749437e-002	1.514920e+000	-3.030775e-002
1.232064320892294e-002	1.666942e+000	-3.334887e-002
1.257175928035151e-002	1.807389e+000	-3.615843e-002
1.282287535178008e-002	1.936261e+000	-3.873643e-002
1.307399142320865e-002	2.053559e+000	-4.108287e-002
1.332510749463723e-002	2.159282e+000	-4.319775e-002
1.357622356606580e-002	2.253431e+000	-4.508107e-002
1.365118061142112e-002	2.278358e+000	-4.557839e-002
1.372613765677646e-002	2.301958e+000	-4.604983e-002
1.380109470213179e-002	2.324230e+000	-4.649538e-002
1.387605174748712e-002	2.345174e+000	-4.691505e-002
1.395100879284245e-002	2.364790e+000	-4.730883e-002
1.402596583819778e-002	2.383079e+000	-4.767672e-002
1.410092288355311e-002	2.400039e+000	-4.801873e-002
1.415151279673315e-002	2.407985e+000	-4.823423e-002
1.420210270991319e-002	2.415132e+000	-4.843744e-002
1.425269262309323e-002	2.421481e+000	-4.862836e-002
1.430328253627328e-002	2.427031e+000	-4.880697e-002
1.435387244945332e-002	2.431782e+000	-4.897329e-002
1.440446236263336e-002	2.435734e+000	-4.912732e-002
1.445505227581340e-002	2.438888e+000	-4.926905e-002
1.465036477581340e-002	2.449151e+000	-4.969868e-002
1.474802102581340e-002	2.452397e+000	-4.984342e-002
1.484567727581340e-002	2.454520e+000	-4.994125e-002
1.494333352581340e-002	2.455594e+000	-4.999208e-002
1.504098977581340e-002	2.455670e+000	-4.999585e-002
1.513864602581340e-002	2.454749e+000	-4.995258e-002
1.523630227581340e-002	2.452807e+000	-4.986229e-002
1.543161477581340e-002	2.445522e+000	-4.954105e-002
1.572458352581340e-002	2.423524e+000	-4.871015e-002
1.586401780977156e-002	2.406031e+000	-4.816930e-002
1.589344610984173e-002	2.400692e+000	-4.804327e-002
1.592287440991190e-002	2.394942e+000	-4.791317e-002
1.595230270998207e-002	2.388781e+000	-4.777899e-002
1.598173101005224e-002	2.382210e+000	-4.764073e-002
1.601115931012241e-002	2.375227e+000	-4.749840e-002
1.604058761019258e-002	2.367833e+000	-4.735198e-002
1.607001591026275e-002	2.360029e+000	-4.720149e-002
1.633052184175140e-002	2.282634e+000	-4.565772e-002
1.659102777324005e-002	2.191795e+000	-4.384395e-002
1.685153370472869e-002	2.087513e+000	-4.176020e-002
1.711203963621734e-002	1.969786e+000	-3.940645e-002
1.737254556770599e-002	1.838616e+000	-3.678271e-002
1.763305149919463e-002	1.694001e+000	-3.388898e-002
1.789355743068328e-002	1.535942e+000	-3.072525e-002
1.810282082354043e-002	1.401509e+000	-2.803582e-002
1.831208421639757e-002	1.262579e+000	-2.525643e-002
1.852134760925472e-002	1.119151e+000	-2.238708e-002
1.873061100211186e-002	9.712270e-001	-1.942777e-002
1.893987439496901e-002	8.188054e-001	-1.637851e-002
1.914913778782616e-002	6.618868e-001	-1.323928e-002
1.935840118068330e-002	5.004711e-001	-1.001011e-002
1.965136993068331e-002	2.732922e-001	-5.465326e-003
1.994433868068331e-002	4.379978e-002	-8.742814e-004
2.023730743068332e-002	-1.860634e-001	3.724164e-003
2.053027618068332e-002	-4.143516e-001	8.291084e-003
2.082324493068332e-002	-6.391323e-001	1.278782e-002
2.111621368068333e-002	-8.585026e-001	1.717630e-002
2.140918243068333e-002	-1.070606e+000	2.141939e-002
2.170215118068334e-002	-1.273646e+000	2.548115e-002
2.193931635925477e-002	-1.432053e+000	2.865004e-002
2.217648153782620e-002	-1.580615e+000	3.162195e-002
2.241364671639763e-002	-1.719332e+000	3.439690e-002
2.265081189496906e-002	-1.848203e+000	3.697489e-002
2.288797707354050e-002	-1.967228e+000	3.935591e-002
2.312514225211193e-002	-2.076408e+000	4.153995e-002
2.336230743068336e-002	-2.175743e+000	4.352704e-002
2.346708471746452e-002	-2.215160e+000	4.431503e-002
2.357186200424568e-002	-2.252076e+000	4.505316e-002
2.367663929102684e-002	-2.286489e+000	4.574144e-002
2.378141657780800e-002	-2.318401e+000	4.637986e-002
2.388619386458916e-002	-2.347811e+000	4.696843e-002
2.399097115137032e-002	-2.374719e+000	4.750715e-002
2.409574843815148e-002	-2.399125e+000	4.799601e-002
2.414420653264145e-002	-2.406926e+000	4.820386e-002
2.419266462713142e-002	-2.413954e+000	4.840044e-002
2.424112272162140e-002	-2.420209e+000	4.858575e-002
2.428958081611136e-002	-2.425691e+000	4.875979e-002
2.433803891060134e-002	-2.430400e+000	4.892256e-002
2.438649700509131e-002	-2.434336e+000	4.907406e-002
2.443495509958128e-002	-2.437498e+000	4.921428e-002
2.463026759958128e-002	-2.448343e+000	4.966308e-002
2.482558009958128e-002	-2.454173e+000	4.992495e-002
2.492323634958129e-002	-2.455455e+000	4.998546e-002
2.502089259958129e-002	-2.455735e+000	4.999892e-002
2.511854884958129e-002	-2.455021e+000	4.996533e-002
2.521620509958129e-002	-2.453292e+000	4.988471e-002
2.541151759958129e-002	-2.446532e+000	4.958273e-002
2.560683009958130e-002	-2.434385e+000	4.909414e-002
2.585478495571796e-002	-2.407443e+000	4.820798e-002
2.587868479848549e-002	-2.403507e+000	4.810700e-002
2.590258464125302e-002	-2.399199e+000	4.800333e-002
2.592648448402054e-002	-2.394518e+000	4.789695e-002
2.595038432678807e-002	-2.389464e+000	4.778788e-002
2.597428416955560e-002	-2.384037e+000	4.767611e-002
2.599818401232313e-002	-2.378237e+000	4.756165e-002
2.602208385509066e-002	-2.372065e+000	4.744449e-002
2.628294244390348e-002	-2.297504e+000	4.595651e-002
2.654380103271630e-002	-2.209315e+000	4.419505e-002
2.680465962152912e-002	-2.107498e+000	4.216011e-002
2.706551821034194e-002	-1.992052e+000	3.985168e-002
2.732637679915476e-002	-1.862979e+000	3.726977e-002
2.758723538796758e-002	-1.720277e+000	3.441437e-002
2.784809397678040e-002	-1.563946e+000	3.128549e-002
2.805735736963754e-002	-1.430918e+000	2.862417e-002
2.826662076249469e-002	-1.293254e+000	2.587011e-002
2.847588415535184e-002	-1.150954e+000	2.302331e-002
2.868514754820898e-002	-1.004018e+000	2.008377e-002
2.889441094106613e-002	-8.524459e-001	1.705150e-002
2.910367433392327e-002	-6.962378e-001	1.392649e-002
2.931293772678042e-002	-5.353935e-001	1.070874e-002
2.960590647678042e-002	-3.087467e-001	6.174604e-003
2.989887522678043e-002	-7.948631e-002	1.588197e-003
3.009418772678043e-002	7.384802e-002	-1.479281e-003
3.038715647678043e-002	3.031483e-001	-6.066456e-003
3.068012522678044e-002	5.298824e-001	-1.060228e-002
3.097309397678044e-002	7.521309e-001	-1.504835e-002
3.126606272678045e-002	9.680126e-001	-1.936703e-002
3.155903147678045e-002	1.175700e+000	-2.352177e-002
3.179619665535188e-002	1.338557e+000	-2.677967e-002
3.203336183392332e-002	1.492011e+000	-2.984948e-002
3.227052701249475e-002	1.636065e+000	-3.273120e-002
3.250769219106618e-002	1.770716e+000	-3.542482e-002
3.274485736963761e-002	1.895965e+000	-3.793035e-002
3.298202254820904e-002	2.011813e+000	-4.024778e-002
3.321918772678047e-002	2.118258e+000	-4.237713e-002
3.334427585178516e-002	2.168982e+000	-4.339033e-002
3.346936397678985e-002	2.216163e+000	-4.433317e-002
3.359445210179454e-002	2.259803e+000	-4.520564e-002
3.371954022679922e-002	2.299900e+000	-4.600774e-002
3.384462835180391e-002	2.336456e+000	-4.673948e-002
3.396971647680860e-002	2.369470e+000	-4.740085e-002
3.409480460181329e-002	2.398942e+000	-4.799185e-002
3.413540032337734e-002	2.405698e+000	-4.816690e-002
3.417599604494138e-002	2.411838e+000	-4.833405e-002
3.421659176650543e-002	2.417361e+000	-4.849331e-002
3.425718748806947e-002	2.422269e+000	-4.864467e-002
3.429778320963352e-002	2.426561e+000	-4.878814e-002
3.433837893119756e-002	2.430237e+000	-4.892372e-002
3.437897465276161e-002	2.433297e+000	-4.905141e-002
3.457428715276161e-002	2.445815e+000	-4.955349e-002
3.476959965276161e-002	2.452975e+000	-4.986908e-002
3.486725590276162e-002	2.454844e+000	-4.995653e-002
3.496491215276162e-002	2.455696e+000	-4.999696e-002
3.506256840276162e-002	2.455553e+000	-4.999034e-002
3.516022465276162e-002	2.454409e+000	-4.993667e-002
3.525788090276162e-002	2.452235e+000	-4.983600e-002
3.545319340276162e-002	2.444415e+000	-4.949409e-002
3.586847282412346e-002	2.405326e+000	-4.815049e-002
3.589418993347561e-002	2.400726e+000	-4.804005e-002
3.591990704282776e-002	2.395758e+000	-4.792649e-002
3.594562415217991e-002	2.390422e+000	-4.780981e-002
3.597134126153206e-002	2.384717e+000	-4.769002e-002
3.599705837088422e-002	2.378644e+000	-4.756711e-002
3.602277548023636e-002	2.372202e+000	-4.744108e-002
3.604849258958852e-002	2.365393e+000	-4.731193e-002
3.631087064838008e-002	2.288729e+000	-4.578146e-002
3.657324870717164e-002	2.198370e+000	-4.397626e-002
3.683562676596321e-002	2.094316e+000	-4.189635e-002
3.709800482475478e-002	1.976567e+000	-3.954171e-002
3.736038288354634e-002	1.845123e+000	-3.691235e-002
3.762276094233790e-002	1.699985e+000	-3.400827e-002
3.788513900112946e-002	1.541152e+000	-3.082947e-002
3.809440239398661e-002	1.406976e+000	-2.814520e-002
3.830366578684376e-002	1.268279e+000	-2.537045e-002
3.851292917970090e-002	1.125058e+000	-2.250524e-002
3.872219257255805e-002	9.773140e-001	-1.954955e-002
3.893145596541520e-002	8.250474e-001	-1.650338e-002
3.914071935827234e-002	6.682579e-001	-1.336674e-002
3.934998275112948e-002	5.069456e-001	-1.013963e-002
3.964295150112949e-002	2.798617e-001	-5.596751e-003
3.993592025112949e-002	5.040872e-002	-1.006494e-003
4.022888900112950e-002	-1.794710e-001	3.592282e-003
4.052185775112950e-002	-4.078315e-001	8.160650e-003
4.081482650112950e-002	-6.327397e-001	1.265994e-002
4.110779525112951e-002	-8.522916e-001	1.705205e-002
4.140076400112951e-002	-1.064629e+000	2.129982e-002
4.169373275112952e-002	-1.267954e+000	2.536729e-002
4.193089792970095e-002	-1.426632e+000	2.854159e-002
4.216806310827238e-002	-1.575490e+000	3.151943e-002
4.240522828684382e-002	-1.714528e+000	3.430082e-002
4.264239346541524e-002	-1.843747e+000	3.688575e-002
4.287955864398668e-002	-1.963145e+000	3.927423e-002
4.311672382255811e-002	-2.072724e+000	4.146625e-002
4.335388900112954e-002	-2.172482e+000	4.346181e-002
4.346006658854481e-002	-2.212632e+000	4.426395e-002
4.356624417596007e-002	-2.250203e+000	4.501492e-002
4.367242176337534e-002	-2.285196e+000	4.571470e-002
4.377859935079061e-002	-2.317611e+000	4.636332e-002
4.388477693820587e-002	-2.347447e+000	4.696075e-002
4.399095452562114e-002	-2.374705e+000	4.750701e-002
4.409713211303640e-002	-2.399386e+000	4.800210e-002
4.414120666363293e-002	-2.406635e+000	4.819130e-002
4.418528121422945e-002	-2.413180e+000	4.837118e-002
4.422935576482598e-002	-2.419020e+000	4.854176e-002
4.427343031542251e-002	-2.424157e+000	4.870302e-002
4.431750486601904e-002	-2.428589e+000	4.885497e-002
4.436157941661556e-002	-2.432316e+000	4.899760e-002
4.440565396721209e-002	-2.435339e+000	4.913093e-002
4.460096646721209e-002	-2.447072e+000	4.960763e-002
4.479627896721209e-002	-2.453588e+000	4.989763e-002
4.489393521721209e-002	-2.455176e+000	4.997224e-002
4.499159146721209e-002	-2.455756e+000	4.999983e-002
4.508924771721209e-002	-2.455340e+000	4.998035e-002
4.518690396721210e-002	-2.453920e+000	4.991383e-002
4.538221646721210e-002	-2.447845e+000	4.963997e-002
4.557752896721210e-002	-2.436612e+000	4.917928e-002
4.584176372730365e-002	-2.409340e+000	4.826185e-002
4.586907751692593e-002	-2.405051e+000	4.814791e-002
4.589639130654821e-002	-2.400287e+000	4.803044e-002
4.592370509617048e-002	-2.395050e+000	4.790946e-002
4.595101888579276e-002	-2.389338e+000	4.778495e-002
4.597833267541504e-002	-2.383152e+000	4.765692e-002
4.600564646503732e-002	-2.376491e+000	4.752537e-002
4.603296025465960e-002	-2.369356e+000	4.739029e-002
4.629378407847017e-002	-2.294143e+000	4.588927e-002
4.655460790228074e-002	-2.205338e+000	4.411548e-002
4.681543172609131e-002	-2.102940e+000	4.206892e-002
4.707625554990189e-002	-1.986950e+000	3.974960e-002
4.733707937371245e-002	-1.857367e+000	3.715751e-002
4.759790319752303e-002	-1.714192e+000	3.429265e-002
4.785872702133360e-002	-1.557425e+000	3.115503e-002
4.806799041419074e-002	-1.424066e+000	2.848708e-002
4.827725380704789e-002	-1.286103e+000	2.572705e-002
4.848651719990504e-002	-1.143537e+000	2.287492e-002
4.869578059276218e-002	-9.963670e-001	1.993071e-002
4.890504398561933e-002	-8.445934e-001	1.689441e-002
4.911430737847648e-002	-6.882162e-001	1.376601e-002
4.932357077133362e-002	-5.272354e-001	1.054553e-002
4.961653952133362e-002	-3.004600e-001	6.008825e-003
4.990950827133363e-002	-7.114109e-002	1.421249e-003
5.010482077133363e-002	8.219296e-002	-1.646223e-003
5.039778952133363e-002	3.114339e-001	-6.232212e-003
5.069075827133364e-002	5.380386e-001	-1.076544e-002
5.098372702133364e-002	7.600887e-001	-1.520754e-002
5.127669577133365e-002	9.757046e-001	-1.952091e-002
5.156966452133365e-002	1.183061e+000	-2.366903e-002
5.180682969990508e-002	1.345598e+000	-2.692054e-002
5.204399487847652e-002	1.498700e+000	-2.998329e-002
5.228116005704795e-002	1.642367e+000	-3.285727e-002
5.251832523561938e-002	1.776598e+000	-3.554248e-002
5.275549041419081e-002	1.901393e+000	-3.803893e-002
5.299265559276224e-002	2.016753e+000	-4.034662e-002
5.322982077133368e-002	2.122678e+000	-4.246553e-002
5.335364166676631e-002	2.172653e+000	-4.346316e-002
5.347746256219895e-002	2.219141e+000	-4.439178e-002
5.360128345763159e-002	2.262141e+000	-4.525137e-002
5.372510435306423e-002	2.301656e+000	-4.604196e-002
5.384892524849686e-002	2.337683e+000	-4.676352e-002
5.397274614392950e-002	2.370223e+000	-4.741608e-002
5.409656703936214e-002	2.399276e+000	-4.799961e-002
5.413175909092512e-002	2.405215e+000	-4.815151e-002
5.416695114248810e-002	2.410651e+000	-4.829747e-002
5.420214319405109e-002	2.415584e+000	-4.843752e-002
5.423733524561408e-002	2.420014e+000	-4.857164e-002
5.427252729717706e-002	2.423941e+000	-4.869983e-002
5.430771934874004e-002	2.427366e+000	-4.882210e-002
5.434291140030303e-002	2.430288e+000	-4.893844e-002
5.453020363327087e-002	2.443493e+000	-4.945641e-002
5.472551613327087e-002	2.451760e+000	-4.981422e-002
5.482317238327087e-002	2.454128e+000	-4.992287e-002
5.492082863327087e-002	2.455435e+000	-4.998453e-002
5.501848488327087e-002	2.455740e+000	-4.999916e-002
5.511614113327087e-002	2.455051e+000	-4.996672e-002
5.521379738327088e-002	2.453347e+000	-4.988726e-002
5.540910988327088e-002	2.446644e+000	-4.958760e-002
5.560442238327088e-002	2.434575e+000	-4.910130e-002
5.585328604130514e-002	2.407666e+000	-4.821422e-002
5.587726406643270e-002	2.403752e+000	-4.811308e-002
5.590124209156027e-002	2.399461e+000	-4.800922e-002
5.592522011668784e-002	2.394795e+000	-4.790265e-002
5.594919814181541e-002	2.389752e+000	-4.779336e-002
5.597317616694297e-002	2.384333e+000	-4.768135e-002
5.599715419207054e-002	2.378537e+000	-4.756663e-002
5.602113221719811e-002	2.372365e+000	-4.744920e-002
5.629265445051632e-002	2.294271e+000	-4.589112e-002
5.656417668383454e-002	2.201544e+000	-4.403930e-002
5.683569891715275e-002	2.094182e+000	-4.189375e-002
5.710722115047096e-002	1.972186e+000	-3.945446e-002
5.737874338378918e-002	1.835556e+000	-3.672145e-002
5.765026561710739e-002	1.684293e+000	-3.369470e-002
5.792178785042561e-002	1.518395e+000	-3.037421e-002
5.811710035042561e-002	1.392515e+000	-2.785588e-002
5.831241285042561e-002	1.262659e+000	-2.525803e-002
5.850772535042562e-002	1.128829e+000	-2.258067e-002
5.870303785042562e-002	9.910231e-001	-1.982380e-002
5.889835035042562e-002	8.492426e-001	-1.698741e-002
5.909366285042562e-002	7.034871e-001	-1.407151e-002
5.928897535042563e-002	5.537566e-001	-1.107610e-002
5.958194410042563e-002	3.274089e-001	-6.547944e-003
5.987491285042564e-002	9.828951e-002	-1.964359e-003
6.026553785042564e-002	-2.081607e-001	4.166223e-003
6.055850660042565e-002	-4.361947e-001	8.728056e-003
6.085147535042565e-002	-6.605362e-001	1.321600e-002
6.114444410042565e-002	-8.792862e-001	1.759208e-002
6.143741285042566e-002	-1.090593e+000	2.181923e-002
6.173038160042566e-002	-1.292668e+000	2.586168e-002
6.198149767185423e-002	-1.459388e+000	2.919687e-002
6.223261374328279e-002	-1.614821e+000	3.230624e-002
6.248372981471136e-002	-1.758967e+000	3.518979e-002
6.273484588613992e-002	-1.891825e+000	3.784753e-002
6.298596195756848e-002	-2.013396e+000	4.027944e-002
6.323707802899704e-002	-2.123679e+000	4.248555e-002
6.348819410042561e-002	-2.222674e+000	4.446583e-002
6.357442906030131e-002	-2.252960e+000	4.506992e-002
6.366066402017699e-002	-2.281517e+000	4.563993e-002
6.374689898005269e-002	-2.308345e+000	4.617586e-002
6.383313393992837e-002	-2.333445e+000	4.667771e-002
6.391936889980407e-002	-2.356816e+000	4.714547e-002
6.400560385967975e-002	-2.378458e+000	4.757916e-002
6.409183881955545e-002	-2.398372e+000	4.797876e-002
6.413298561216892e-002	-2.405290e+000	4.815671e-002
6.417413240478240e-002	-2.411568e+000	4.832655e-002
6.421527919739586e-002	-2.417203e+000	4.848828e-002
6.425642599000933e-002	-2.422198e+000	4.864190e-002
6.429757278262280e-002	-2.426551e+000	4.878742e-002
6.433871957523628e-002	-2.430264e+000	4.892482e-002
6.437986636784975e-002	-2.433334e+000	4.905412e-002
6.457517886784973e-002	-2.445858e+000	4.955536e-002
6.477049136784972e-002	-2.452996e+000	4.987009e-002
6.486814761784972e-002	-2.454856e+000	4.995711e-002
6.496580386784971e-002	-2.455699e+000	4.999711e-002
6.506346011784971e-002	-2.455547e+000	4.999007e-002
6.516111636784970e-002	-2.454394e+000	4.993596e-002
6.525877261784970e-002	-2.452210e+000	4.983487e-002
6.545408511784968e-002	-2.444368e+000	4.949210e-002
6.586802488483519e-002	-2.405399e+000	4.815239e-002
6.589440082370643e-002	-2.400690e+000	4.803913e-002
6.592077676257768e-002	-2.395590e+000	4.792260e-002
6.594715270144892e-002	-2.390099e+000	4.780278e-002
6.597352864032016e-002	-2.384217e+000	4.767969e-002
6.599990457919140e-002	-2.377943e+000	4.755332e-002
6.602628051806266e-002	-2.371279e+000	4.742366e-002
6.605265645693390e-002	-2.364223e+000	4.729073e-002
6.631772342121960e-002	-2.286437e+000	4.573684e-002
6.658279038550530e-002	-2.194708e+000	4.390347e-002
6.684785734979100e-002	-2.089034e+000	4.179062e-002
6.711292431407669e-002	-1.969417e+000	3.939829e-002
6.737799127836239e-002	-1.835856e+000	3.672648e-002
6.764305824264809e-002	-1.688351e+000	3.377518e-002
6.790812520693379e-002	-1.526902e+000	3.054441e-002
6.810343770693378e-002	-1.401409e+000	2.803383e-002
6.829875020693377e-002	-1.271905e+000	2.544301e-002
6.849406270693376e-002	-1.138389e+000	2.277194e-002
6.868937520693375e-002	-1.000862e+000	2.002064e-002
6.888468770693373e-002	-8.593237e-001	1.718909e-002
6.908000020693372e-002	-7.137739e-001	1.427731e-002
6.927531270693371e-002	-5.642127e-001	1.128528e-002
6.956828145693370e-002	-3.380412e-001	6.760648e-003
6.986125020693368e-002	-1.090081e-001	2.178787e-003
6.993100467121939e-002	-5.420185e-002	1.082377e-003
7.000075913550510e-002	5.647647e-004	-1.323876e-005
7.007051359979082e-002	5.529171e-002	-1.108060e-003
7.014026806407651e-002	1.099790e-001	-2.202086e-003
7.021002252836223e-002	1.646266e-001	-3.295319e-003
7.027977699264794e-002	2.192346e-001	-4.387757e-003
7.034953145693365e-002	2.738029e-001	-5.479400e-003
7.064250020693363e-002	5.009745e-001	-1.002398e-002
7.093546895693362e-002	7.239054e-001	-1.448370e-002
7.122843770693360e-002	9.407083e-001	-1.882082e-002
7.152140645693358e-002	1.149548e+000	-2.299861e-002
7.181437520693357e-002	1.348656e+000	-2.698172e-002
7.202363859979070e-002	1.485251e+000	-2.971424e-002
7.223290199264783e-002	1.614135e+000	-3.229251e-002
7.244216538550496e-002	1.735309e+000	-3.471653e-002
7.265142877836209e-002	1.848772e+000	-3.698628e-002
7.286069217121922e-002	1.954525e+000	-3.910178e-002
7.306995556407635e-002	2.052567e+000	-4.106303e-002
7.327921895693348e-002	2.142899e+000	-4.287002e-002
7.337687520693348e-002	2.181349e+000	-4.363919e-002
7.347943459894864e-002	2.219621e+000	-4.440441e-002
7.358199399096380e-002	2.255496e+000	-4.512183e-002
7.368455338297895e-002	2.288973e+000	-4.579144e-002
7.378711277499413e-002	2.320052e+000	-4.641324e-002
7.388967216700929e-002	2.348734e+000	-4.698724e-002
7.399223155902444e-002	2.375018e+000	-4.751342e-002
7.409479095103960e-002	2.398904e+000	-4.799179e-002
7.413979868020902e-002	2.406269e+000	-4.818541e-002
7.418480640937845e-002	2.412931e+000	-4.836931e-002
7.422981413854787e-002	2.418888e+000	-4.854350e-002
7.427482186771729e-002	2.424143e+000	-4.870797e-002
7.431982959688671e-002	2.428693e+000	-4.886273e-002
7.436483732605614e-002	2.432540e+000	-4.900777e-002
7.440984505522556e-002	2.435684e+000	-4.914311e-002
7.460515755522555e-002	2.447260e+000	-4.961582e-002
7.480047005522554e-002	2.453678e+000	-4.990180e-002
7.489812630522554e-002	2.455221e+000	-4.997439e-002
7.499578255522553e-002	2.455758e+000	-4.999996e-002
7.509343880522552e-002	2.455300e+000	-4.997846e-002
7.519109505522552e-002	2.453836e+000	-4.990992e-002
7.538640755522551e-002	2.447664e+000	-4.963204e-002
7.558172005522550e-002	2.436304e+000	-4.916736e-002
7.584338902601036e-002	2.409109e+000	-4.825517e-002
7.586714655878120e-002	2.405438e+000	-4.815608e-002
7.589090409155205e-002	2.401376e+000	-4.805433e-002
7.591466162432289e-002	2.396922e+000	-4.794991e-002
7.593841915709375e-002	2.392075e+000	-4.784283e-002
7.596217668986459e-002	2.386837e+000	-4.773307e-002
7.598593422263544e-002	2.381208e+000	-4.762065e-002
7.600969175540628e-002	2.375186e+000	-4.750556e-002
7.628150186752424e-002	2.297722e+000	-4.596011e-002
7.655331197964220e-002	2.205560e+000	-4.411963e-002
7.682512209176015e-002	2.098699e+000	-4.198411e-002
7.709693220387812e-002	1.977139e+000	-3.955356e-002
7.736874231599607e-002	1.840880e+000	-3.682797e-002
7.764055242811403e-002	1.689923e+000	-3.380734e-002
7.791236254023198e-002	1.524267e+000	-3.049168e-002
7.810767504023197e-002	1.398654e+000	-2.797869e-002
7.830298754023196e-002	1.269040e+000	-2.538569e-002
7.849830004023195e-002	1.135426e+000	-2.271267e-002
7.869361254023194e-002	9.978126e-001	-1.995963e-002
7.888892504023193e-002	8.561988e-001	-1.712658e-002
7.908423754023192e-002	7.105849e-001	-1.421351e-002
7.927955004023191e-002	5.609710e-001	-1.122043e-002
7.957251879023189e-002	3.347443e-001	-6.694693e-003
7.986548754023187e-002	1.056841e-001	-2.112288e-003
7.993524200451758e-002	5.087545e-002	-1.015832e-003
8.000499646880330e-002	-3.891893e-003	7.979865e-005
8.007475093308901e-002	-5.861798e-002	1.174602e-003
8.014450539737471e-002	-1.133028e-001	2.268580e-003
8.021425986166042e-002	-1.679464e-001	3.361731e-003
8.028401432594613e-002	-2.225487e-001	4.454056e-003
8.035376879023184e-002	-2.771097e-001	5.545554e-003
8.064673754023183e-002	-5.042337e-001	1.008918e-002
8.093970629023181e-002	-7.270893e-001	1.454739e-002
8.123267504023179e-002	-9.437900e-001	1.888246e-002
8.152564379023178e-002	-1.152501e+000	2.305769e-002
8.181861254023176e-002	-1.351457e+000	2.703773e-002
8.206972861166031e-002	-1.515046e+000	3.031027e-002
8.232084468308888e-002	-1.667059e+000	3.335123e-002
8.257196075451743e-002	-1.807498e+000	3.616062e-002
8.282307682594599e-002	-1.936361e+000	3.873844e-002
8.307419289737454e-002	-2.053649e+000	4.108468e-002
8.332530896880311e-002	-2.159362e+000	4.319935e-002
8.357642504023166e-002	-2.253499e+000	4.508244e-002
8.365140462174522e-002	-2.278433e+000	4.557984e-002
8.372638420325877e-002	-2.302037e+000	4.605134e-002
8.380136378477233e-002	-2.324310e+000	4.649694e-002
8.387634336628588e-002	-2.345254e+000	4.691663e-002
8.395132294779945e-002	-2.364868e+000	4.731042e-002
8.402630252931299e-002	-2.383151e+000	4.767831e-002
8.410128211082656e-002	-2.400105e+000	4.802030e-002
8.415210597241410e-002	-2.408072e+000	4.823669e-002
8.420292983400163e-002	-2.415236e+000	4.844067e-002
8.425375369558917e-002	-2.421598e+000	4.863223e-002
8.430457755717670e-002	-2.427158e+000	4.881139e-002
8.435540141876424e-002	-2.431915e+000	4.897813e-002
8.440622528035177e-002	-2.435870e+000	4.913246e-002
8.445704914193931e-002	-2.439023e+000	4.927438e-002
8.465236164193930e-002	-2.449228e+000	4.970210e-002
8.475001789193930e-002	-2.452451e+000	4.984589e-002
8.484767414193929e-002	-2.454552e+000	4.994276e-002
8.494533039193929e-002	-2.455605e+000	4.999262e-002
8.504298664193928e-002	-2.455661e+000	4.999544e-002
8.514064289193928e-002	-2.454720e+000	4.995120e-002
8.523829914193927e-002	-2.452756e+000	4.985995e-002
8.543361164193926e-002	-2.445422e+000	4.953680e-002
8.572658039193924e-002	-2.423309e+000	4.870306e-002
8.586503271309122e-002	-2.405873e+000	4.816502e-002
8.589225490535986e-002	-2.401023e+000	4.804846e-002
8.591947709762850e-002	-2.395782e+000	4.792841e-002
8.594669928989714e-002	-2.390150e+000	4.780486e-002
8.597392148216576e-002	-2.384126e+000	4.767783e-002
8.600114367443440e-002	-2.377712e+000	4.754730e-002
8.602836586670304e-002	-2.370906e+000	4.741328e-002
8.605558805897168e-002	-2.363709e+000	4.727576e-002
8.632081820573888e-002	-2.285585e+000	4.571716e-002
8.658604835250608e-002	-2.193533e+000	4.387895e-002
8.685127849927328e-002	-2.087555e+000	4.176113e-002
8.711650864604047e-002	-1.967649e+000	3.936370e-002
8.738173879280767e-002	-1.833816e+000	3.668665e-002
8.764696893957487e-002	-1.686056e+000	3.372999e-002
8.791219908634207e-002	-1.524369e+000	3.049372e-002
8.810751158634206e-002	-1.398760e+000	2.798082e-002
8.830282408634205e-002	-1.269151e+000	2.538790e-002
8.849813658634204e-002	-1.135541e+000	2.271495e-002
8.869344908634202e-002	-9.979303e-001	1.996198e-002
8.888876158634201e-002	-8.563194e-001	1.712899e-002
8.908407408634200e-002	-7.107080e-001	1.421597e-002
8.927938658634199e-002	-5.610960e-001	1.122293e-002
8.957235533634197e-002	-3.348715e-001	6.697237e-003
8.986532408634196e-002	-1.058123e-001	2.114853e-003
8.993507855062767e-002	-5.100377e-002	1.018398e-003
9.000483301491338e-002	3.763550e-003	-7.723116e-005
9.007458747919910e-002	5.848968e-002	-1.172036e-003
9.014434194348479e-002	1.131746e-001	-2.266015e-003
9.021409640777051e-002	1.678183e-001	-3.359169e-003
9.028385087205622e-002	2.224209e-001	-4.451498e-003
9.035360533634193e-002	2.769822e-001	-5.543002e-003
9.064657408634191e-002	5.041080e-001	-1.008666e-002
9.093954283634190e-002	7.269665e-001	-1.454494e-002
9.123251158634188e-002	9.436711e-001	-1.888009e-002
9.152548033634186e-002	1.152387e+000	-2.305541e-002
9.181844908634185e-002	1.351349e+000	-2.703557e-002
9.206956515777040e-002	1.514944e+000	-3.030823e-002
9.232068122919897e-002	1.666964e+000	-3.334932e-002
9.257179730062752e-002	1.807409e+000	-3.615885e-002
9.282291337205607e-002	1.936280e+000	-3.873681e-002
9.307402944348463e-002	2.053576e+000	-4.108321e-002
9.332514551491319e-002	2.159297e+000	-4.319805e-002
9.357626158634175e-002	2.253443e+000	-4.508133e-002
9.365122356732787e-002	2.278372e+000	-4.557867e-002
9.372618554831398e-002	2.301973e+000	-4.605012e-002
9.380114752930011e-002	2.324246e+000	-4.649569e-002
9.387610951028623e-002	2.345190e+000	-4.691536e-002
9.395107149127235e-002	2.364806e+000	-4.730914e-002
9.402603347225846e-002	2.383093e+000	-4.767704e-002
9.410099545324459e-002	2.400053e+000	-4.801904e-002
9.415171089709944e-002	2.408013e+000	-4.823505e-002
9.420242634095428e-002	2.415172e+000	-4.843870e-002
9.425314178480913e-002	2.421530e+000	-4.863000e-002
9.430385722866400e-002	2.427087e+000	-4.880893e-002
9.435457267251884e-002	2.431843e+000	-4.897551e-002
9.440528811637369e-002	2.435798e+000	-4.912973e-002
9.445600356022854e-002	2.438952e+000	-4.927159e-002
9.465131606022853e-002	2.449188e+000	-4.970031e-002
9.474897231022852e-002	2.452423e+000	-4.984460e-002
9.484662856022852e-002	2.454535e+000	-4.994197e-002
9.494428481022851e-002	2.455599e+000	-4.999234e-002
9.504194106022851e-002	2.455666e+000	-4.999566e-002
9.513959731022850e-002	2.454735e+000	-4.995193e-002
9.523725356022850e-002	2.452783e+000	-4.986118e-002
9.543256606022849e-002	2.445475e+000	-4.953903e-002
9.572553481022847e-002	2.423422e+000	-4.870677e-002
9.586450603744377e-002	2.405955e+000	-4.816724e-002
9.588855603659699e-002	2.401779e+000	-4.806451e-002
9.591260603575021e-002	2.397254e+000	-4.795905e-002
9.593665603490342e-002	2.392381e+000	-4.785086e-002
9.596070603405664e-002	2.387160e+000	-4.773994e-002
9.598475603320986e-002	2.381591e+000	-4.762629e-002
9.600880603236307e-002	2.375673e+000	-4.750992e-002
9.603285603151629e-002	2.369407e+000	-4.739081e-002
9.629236165264984e-002	2.294630e+000	-4.589873e-002
9.655186727378338e-002	2.206385e+000	-4.413632e-002
9.681137289491694e-002	2.104673e+000	-4.210360e-002
9.707087851605048e-002	1.989493e+000	-3.980057e-002
9.733038413718403e-002	1.860846e+000	-3.722721e-002
9.758988975831758e-002	1.718731e+000	-3.438354e-002
9.784939537945113e-002	1.563149e+000	-3.126954e-002
9.805865877230827e-002	1.430080e+000	-2.860741e-002
9.826792216516539e-002	1.292380e+000	-2.585261e-002
9.847718555802253e-002	1.150047e+000	-2.300516e-002
9.868644895087965e-002	1.003082e+000	-2.006505e-002
9.889571234373679e-002	8.514854e-001	-1.703228e-002
9.910497573659391e-002	6.952564e-001	-1.390686e-002
9.931423912945105e-002	5.343953e-001	-1.068877e-002
9.960720787945103e-002	3.077327e-001	-6.154317e-003
9.999783287945101e-002	1.798902e-003	-3.404105e-005
1.000000000000000e-001	9.700976e-005	1.164033e-016
